<?xml version="1.0" encoding="UTF-8"?>
<project-private xmlns="http://www.netbeans.org/ns/project-private/1">
    <editor-bookmarks xmlns="http://www.netbeans.org/ns/editor-bookmarks/2" lastBookmarkId="0"/>
    <open-files xmlns="http://www.netbeans.org/ns/projectui-open-files/2">
        <group>
            <file>file:/C:/Users/meram/Downloads/TP1Mobile/src/entity/Carteira.java</file>
            <file>file:/C:/Users/meram/Downloads/TP1Mobile/src/view/FrameApp.java</file>
            <file>file:/C:/Users/meram/Downloads/TP1Mobile/src/dao/ValoresDAO.java</file>
            <file>file:/C:/Users/meram/Downloads/TP1Mobile/src/view/Menu1.java</file>
            <file>file:/C:/Users/meram/Downloads/TP1Mobile/src/entity/Valores.java</file>
            <file>file:/C:/Users/meram/Downloads/TP1Mobile/src/dao/CarteiraDAO.java</file>
        </group>
    </open-files>
</project-private>
